氏名,職種,性別
A001,A001,A001,アプリケーションエンジニア,女
A002,A002,A002,アプリケーションエンジニア,男
A003,A003,A003,アプリケーションエンジニア,男
A004,A004,A004,経営コンサルタント,男
A005,A005,A005,アプリケーションエンジニア,男
A006,A006,A006,アプリケーションエンジニア,男
A007,A007,A007,アプリケーションエンジニア,男
A008,A008,A008,アプリケーションエンジニア,男
A009,A009,A009,経営コンサルタント,男
A010,A010,A010,アプリケーションエンジニア,男
A011,A011,A011,アプリケーションエンジニア,男
A012,A012,A012,経営コンサルタント,男
A013,A013,A013,アプリケーションエンジニア,男
A014,A014,A014,アプリケーションエンジニア,男
A015,A015,A015,アプリケーションエンジニア,女
A016,A016,A016,テクニカルエンジニア,男
A017,A017,A017,アプリケーションエンジニア,女
A018,A018,A018,アプリケーションエンジニア,男
A019,A019,A019,アプリケーションエンジニア,女
A020,A020,A020,セキュリティスペシャリスト,男
A021,A021,A021,アプリケーションエンジニア,男
A022,A022,A022,テクニカルエンジニア,男
A023,A023,A023,アプリケーションエンジニア,男
A024,A024,A024,テクニカルエンジニア,男
A025,A025,A025,アプリケーションエンジニア,男
A026,A026,A026,テクニカルエンジニア,男
A027,A027,A027,アプリケーションエンジニア,男
A028,A028,A028,アプリケーションエンジニア,男
A029,A029,A029,アプリケーションエンジニア,女
A030,A030,A030,アプリケーションエンジニア,男
A031,A031,A031,エリア職システムエンジニア,男
A032,A032,A032,アプリケーションエンジニア,男
A033,A033,A033,アプリケーションエンジニア,男
A034,A034,A034,アプリケーションエンジニア,男
A035,A035,A035,アプリケーションエンジニア,男
A036,A036,A036,アプリケーションエンジニア,男
A037,A037,A037,アプリケーションエンジニア,男
A038,A038,A038,経営コンサルタント,男
A039,A039,A039,経営コンサルタント,女
A040,A040,A040,テクニカルエンジニア,女
A041,A041,A041,テクニカルエンジニア,男
A042,A042,A042,経理,男
A043,A043,A043,アプリケーションエンジニア,女
A044,A044,A044,アプリケーションエンジニア,女
A045,A045,A045,アプリケーションエンジニア,男
A046,A046,A046,アプリケーションエンジニア,男
A047,A047,A047,テクニカルエンジニア,男
A048,A048,A048,アプリケーションエンジニア,男
A049,A049,A049,アプリケーションエンジニア,男
A050,A050,A050,アプリケーションエンジニア,女
A051,A051,A051,セキュリティスペシャリスト,男
A052,A052,A052,アプリケーションエンジニア,女
A053,A053,A053,エリア職システムエンジニア,女
A054,A054,A054,アプリケーションエンジニア,男
A055,A055,A055,アプリケーションエンジニア,男
A056,A056,A056,アプリケーションエンジニア,男
A057,A057,A057,アプリケーションエンジニア,男
A058,A058,A058,アプリケーションエンジニア,男
A059,A059,A059,アプリケーションエンジニア,男
A060,A060,A060,テクニカルエンジニア,女
A061,A061,A061,アプリケーションエンジニア,女
A062,A062,A062,アプリケーションエンジニア,男
A063,A063,A063,経営コンサルタント,男
A064,A064,A064,アプリケーションエンジニア,男
A065,A065,A065,アプリケーションエンジニア,男
A066,A066,A066,アプリケーションエンジニア,女
A067,A067,A067,経営コンサルタント,男
A068,A068,A068,アプリケーションエンジニア,男
A069,A069,A069,エリア職システムエンジニア,男
A070,A070,A070,アプリケーションエンジニア,男
A071,A071,A071,アプリケーションエンジニア,男
A072,A072,A072,アプリケーションエンジニア,女
A073,A073,A073,アプリケーションエンジニア,女
A074,A074,A074,アプリケーションエンジニア,女
A075,A075,A075,テクニカルエンジニア,男
A076,A076,A076,アプリケーションエンジニア,男
A077,A077,A077,アプリケーションエンジニア,男
A078,A078,A078,セキュリティスペシャリスト,男
A079,A079,A079,アプリケーションエンジニア,女
A080,A080,A080,テクニカルエンジニア,男
A081,A081,A081,アプリケーションエンジニア,女
A082,A082,A082,アプリケーションエンジニア,女
A083,A083,A083,アプリケーションエンジニア,女
A084,A084,A084,アプリケーションエンジニア,男
A085,A085,A085,アプリケーションエンジニア,男
A086,A086,A086,アプリケーションエンジニア,女
A087,A087,A087,アプリケーションエンジニア,女
A088,A088,A088,アプリケーションエンジニア,男
A089,A089,A089,アプリケーションエンジニア,男
A090,A090,A090,アプリケーションエンジニア,女
A091,A091,A091,テクニカルエンジニア,男
A092,A092,A092,アプリケーションエンジニア,女
A093,A093,A093,アプリケーションエンジニア,女
A094,A094,A094,テクニカルエンジニア,男
A095,A095,A095,経営コンサルタント,男
A096,A096,A096,アプリケーションエンジニア,男
A097,A097,A097,アプリケーションエンジニア,女
A098,A098,A098,アプリケーションエンジニア,女
A099,A099,A099,アプリケーションエンジニア,女
A100,A100,A100,アプリケーションエンジニア,女
A101,A101,A101,アプリケーションエンジニア,男
A102,A102,A102,アプリケーションエンジニア,男
A103,A103,A103,アプリケーションエンジニア,女
A104,A104,A104,アプリケーションエンジニア,男
A105,A105,A105,アプリケーションエンジニア,男
A106,A106,A106,アプリケーションエンジニア,女
A107,A107,A107,テクニカルエンジニア,男
A108,A108,A108,セキュリティスペシャリスト,男
A109,A109,A109,アプリケーションエンジニア,男
A110,A110,A110,アプリケーションエンジニア,男
A111,A111,A111,アプリケーションエンジニア,女
A112,A112,A112,テクニカルエンジニア,男
A113,A113,A113,アプリケーションエンジニア,女
A114,A114,A114,アプリケーションエンジニア,女
A115,A115,A115,アプリケーションエンジニア,女
A116,A116,A116,アプリケーションエンジニア,男
A117,A117,A117,アプリケーションエンジニア,男
A118,A118,A118,セキュリティスペシャリスト,男
A119,A119,A119,アプリケーションエンジニア,女
A120,A120,A120,アプリケーションエンジニア,男
A121,A121,A121,アプリケーションエンジニア,女
A122,A122,A122,アプリケーションエンジニア,男
A123,A123,A123,アプリケーションエンジニア,女
A124,A124,A124,アプリケーションエンジニア,女
A125,A125,A125,アプリケーションエンジニア,男
A126,A126,A126,テクニカルエンジニア,男
A127,A127,A127,アプリケーションエンジニア,女
A128,A128,A128,アプリケーションエンジニア,男
A129,A129,A129,アプリケーションエンジニア,男
A130,A130,A130,アプリケーションエンジニア,男
A131,A131,A131,経営コンサルタント,女
A132,A132,A132,アプリケーションエンジニア,男
A133,A133,A133,経営コンサルタント,男
A134,A134,A134,アプリケーションエンジニア,女
A135,A135,A135,経理,男
A136,A136,A136,アプリケーションエンジニア,女
A137,A137,A137,テクニカルエンジニア,女
A138,A138,A138,経営コンサルタント,男
A139,A139,A139,アプリケーションエンジニア,男
A140,A140,A140,アプリケーションエンジニア,男
A141,A141,A141,アプリケーションエンジニア,女
A142,A142,A142,テクニカルエンジニア,男
A143,A143,A143,アプリケーションエンジニア,男
A144,A144,A144,アプリケーションエンジニア,男
A145,A145,A145,テクニカルエンジニア,男
A146,A146,A146,セキュリティスペシャリスト,男
A147,A147,A147,アプリケーションエンジニア,男
A148,A148,A148,テクニカルエンジニア,男
A149,A149,A149,アプリケーションエンジニア,男
A150,A150,A150,アプリケーションエンジニア,男
A151,A151,A151,アプリケーションエンジニア,男
A152,A152,A152,アプリケーションエンジニア,男
A153,A153,A153,アプリケーションエンジニア,男
A154,A154,A154,セキュリティスペシャリスト,男
A155,A155,A155,アプリケーションエンジニア,女
A156,A156,A156,アプリケーションエンジニア,女
A157,A157,A157,アプリケーションエンジニア,男
A158,A158,A158,経営コンサルタント,男
A159,A159,A159,セキュリティスペシャリスト,男
A160,A160,A160,アプリケーションエンジニア,男
A161,A161,A161,アプリケーションエンジニア,女
A162,A162,A162,アプリケーションエンジニア,女
A163,A163,A163,アプリケーションエンジニア,男
A164,A164,A164,経営コンサルタント,男
A165,A165,A165,テクニカルエンジニア,男
A166,A166,A166,アプリケーションエンジニア,男
A167,A167,A167,アプリケーションエンジニア,男
A168,A168,A168,アプリケーションエンジニア,男
A169,A169,A169,アプリケーションエンジニア,女
A170,A170,A170,経営コンサルタント,男
A171,A171,A171,テクニカルエンジニア,男
A172,A172,A172,経営コンサルタント,女
A173,A173,A173,アプリケーションエンジニア,男
A174,A174,A174,セキュリティスペシャリスト,女
A175,A175,A175,アプリケーションエンジニア,男
A176,A176,A176,アプリケーションエンジニア,男
A177,A177,A177,アプリケーションエンジニア,男
A178,A178,A178,アプリケーションエンジニア,男
A179,A179,A179,テクニカルエンジニア,女
A180,A180,A180,経営コンサルタント,男
A181,A181,A181,アプリケーションエンジニア,男
A182,A182,A182,テクニカルエンジニア,男
A183,A183,A183,アプリケーションエンジニア,女
A184,A184,A184,セキュリティスペシャリスト,女
A185,A185,A185,テクニカルエンジニア,女
A186,A186,A186,不明,男
A187,A187,A187,アプリケーションエンジニア,女
A188,A188,A188,アプリケーションエンジニア,女
A189,A189,A189,経営コンサルタント,女
A190,A190,A190,アプリケーションエンジニア,女
A191,A191,A191,セキュリティスペシャリスト,男
A192,A192,A192,アプリケーションエンジニア,女
A193,A193,A193,アプリケーションエンジニア,男
A194,A194,A194,アプリケーションエンジニア,男
A195,A195,A195,テクニカルエンジニア,男
A196,A196,A196,経営コンサルタント,女
A197,A197,A197,アプリケーションエンジニア,女
A198,A198,A198,アプリケーションエンジニア,男
A199,A199,A199,アプリケーションエンジニア,男
A200,A200,A200,アプリケーションエンジニア,男
A201,A201,A201,アプリケーションエンジニア,女
A202,A202,A202,テクニカルエンジニア,男
A203,A203,A203,セキュリティスペシャリスト,女
A204,A204,A204,アプリケーションエンジニア,男
A205,A205,A205,経営コンサルタント,女
A206,A206,A206,テクニカルエンジニア,男
A207,A207,A207,アプリケーションエンジニア,女
A208,A208,A208,セキュリティスペシャリスト,女
A209,A209,A209,テクニカルエンジニア,男
A210,A210,A210,アプリケーションエンジニア,女
A211,A211,A211,アプリケーションエンジニア,女
A212,A212,A212,アプリケーションエンジニア,男
A213,A213,A213,アプリケーションエンジニア,女
A214,A214,A214,アプリケーションエンジニア,男
A215,A215,A215,経営コンサルタント,男
A216,A216,A216,経営コンサルタント,男
A217,A217,A217,アプリケーションエンジニア,男
A218,A218,A218,アプリケーションエンジニア,男
A219,A219,A219,アプリケーションエンジニア,男
A220,A220,A220,テクニカルエンジニア,男
A221,A221,A221,アプリケーションエンジニア,男
A222,A222,A222,アプリケーションエンジニア,女
A223,A223,A223,アプリケーションエンジニア,男
A224,A224,A224,経営コンサルタント,男
A225,A225,A225,アプリケーションエンジニア,男
A226,A226,A226,アプリケーションエンジニア,男
A227,A227,A227,アプリケーションエンジニア,男
A228,A228,A228,経営コンサルタント,男
A229,A229,A229,アプリケーションエンジニア,男
A230,A230,A230,セキュリティスペシャリスト,男
A231,A231,A231,経営コンサルタント,男
A232,A232,A232,アプリケーションエンジニア,女
A233,A233,A233,経営コンサルタント,女
A234,A234,A234,セキュリティスペシャリスト,男
A235,A235,A235,アプリケーションエンジニア,男
A236,A236,A236,アプリケーションエンジニア,女
A237,A237,A237,アプリケーションエンジニア,女
A238,A238,A238,アプリケーションエンジニア,女
A239,A239,A239,アプリケーションエンジニア,男
A240,A240,A240,テクニカルエンジニア,男
A241,A241,A241,エリア職システムエンジニア,女
A242,A242,A242,アプリケーションエンジニア,男
A243,A243,A243,アプリケーションエンジニア,男
A244,A244,A244,セキュリティスペシャリスト,男
A245,A245,A245,経営コンサルタント,女
A246,A246,A246,アプリケーションエンジニア,女
A247,A247,A247,アプリケーションエンジニア,男
A248,A248,A248,テクニカルエンジニア,男
A249,A249,A249,アプリケーションエンジニア,男
A250,A250,A250,アプリケーションエンジニア,女
A251,A251,A251,アプリケーションエンジニア,男
A252,A252,A252,アプリケーションエンジニア,女
A253,A253,A253,アプリケーションエンジニア,女
A254,A254,A254,アプリケーションエンジニア,男
A255,A255,A255,セキュリティスペシャリスト,女
A256,A256,A256,アプリケーションエンジニア,女
A257,A257,A257,エリア職システムエンジニア,女
A258,A258,A258,アプリケーションエンジニア,男
A259,A259,A259,アプリケーションエンジニア,男
A260,A260,A260,テクニカルエンジニア,男
A261,A261,A261,エリア職システムエンジニア,男
A262,A262,A262,アプリケーションエンジニア,男
A263,A263,A263,テクニカルエンジニア,男
A264,A264,A264,経営コンサルタント,男
A265,A265,A265,アプリケーションエンジニア,男
A266,A266,A266,アプリケーションエンジニア,女
A267,A267,A267,アプリケーションエンジニア,男
A268,A268,A268,アプリケーションエンジニア,男
A269,A269,A269,アプリケーションエンジニア,男
A270,A270,A270,経営コンサルタント,男
A271,A271,A271,テクニカルエンジニア,女
A272,A272,A272,テクニカルエンジニア,女
A273,A273,A273,テクニカルエンジニア,男
A274,A274,A274,アプリケーションエンジニア,男
A275,A275,A275,アプリケーションエンジニア,女
A276,A276,A276,アプリケーションエンジニア,女
A277,A277,A277,テクニカルエンジニア,男
A278,A278,A278,アプリケーションエンジニア,女
A279,A279,A279,アプリケーションエンジニア,女
A280,A280,A280,アプリケーションエンジニア,女
A281,A281,A281,セキュリティスペシャリスト,女
A282,A282,A282,アプリケーションエンジニア,男
A283,A283,A283,アプリケーションエンジニア,男
A284,A284,A284,アプリケーションエンジニア,女
A285,A285,A285,アプリケーションエンジニア,女
A286,A286,A286,アプリケーションエンジニア,男
A287,A287,A287,アプリケーションエンジニア,女
A288,A288,A288,アプリケーションエンジニア,女
A289,A289,A289,アプリケーションエンジニア,女
A290,A290,A290,アプリケーションエンジニア,男
A291,A291,A291,アプリケーションエンジニア,女
A292,A292,A292,セキュリティスペシャリスト,男
A293,A293,A293,経営コンサルタント,男
A294,A294,A294,アプリケーションエンジニア,男
A295,A295,A295,アプリケーションエンジニア,女
A296,A296,A296,アプリケーションエンジニア,男
A297,A297,A297,アプリケーションエンジニア,男
A298,A298,A298,アプリケーションエンジニア,男
A299,A299,A299,アプリケーションエンジニア,女
A300,A300,A300,アプリケーションエンジニア,女
A301,A301,A301,アプリケーションエンジニア,男
A302,A302,A302,アプリケーションエンジニア,男
A303,A303,A303,アプリケーションエンジニア,男
A304,A304,A304,アプリケーションエンジニア,女
A305,A305,A305,テクニカルエンジニア,男
A306,A306,A306,アプリケーションエンジニア,男
A307,A307,A307,アプリケーションエンジニア,男
A308,A308,A308,アプリケーションエンジニア,男
A309,A309,A309,アプリケーションエンジニア,男
A310,A310,A310,アプリケーションエンジニア,女
A311,A311,A311,アプリケーションエンジニア,女
A312,A312,A312,アプリケーションエンジニア,男
A313,A313,A313,アプリケーションエンジニア,男
A314,A314,A314,アプリケーションエンジニア,女
A315,A315,A315,アプリケーションエンジニア,男
A316,A316,A316,アプリケーションエンジニア,男
A317,A317,A317,テクニカルエンジニア,男
A318,A318,A318,アプリケーションエンジニア,男
A319,A319,A319,経営コンサルタント,男
A320,A320,A320,アプリケーションエンジニア,女
A321,A321,A321,テクニカルエンジニア,男
A322,A322,A322,アプリケーションエンジニア,男
A323,A323,A323,テクニカルエンジニア,男
A324,A324,A324,セキュリティスペシャリスト,女
A325,A325,A325,アプリケーションエンジニア,女
A326,A326,A326,アプリケーションエンジニア,男
A327,A327,A327,エリア職システムエンジニア,男
A328,A328,A328,経営コンサルタント,女
A329,A329,A329,アプリケーションエンジニア,男
A330,A330,A330,アプリケーションエンジニア,男
A331,A331,A331,セキュリティスペシャリスト,男
A332,A332,A332,アプリケーションエンジニア,男
A333,A333,A333,セキュリティスペシャリスト,男
A334,A334,A334,アプリケーションエンジニア,女
A335,A335,A335,アプリケーションエンジニア,男
A336,A336,A336,テクニカルエンジニア,男
A337,A337,A337,セキュリティスペシャリスト,女
A338,A338,A338,アプリケーションエンジニア,女
A339,A339,A339,テクニカルエンジニア,男
A340,A340,A340,アプリケーションエンジニア,女
A341,A341,A341,経営コンサルタント,男
A342,A342,A342,アプリケーションエンジニア,男
A343,A343,A343,経営コンサルタント,男
A344,A344,A344,テクニカルエンジニア,女
A345,A345,A345,テクニカルエンジニア,男
A346,A346,A346,テクニカルエンジニア,女
A347,A347,A347,テクニカルエンジニア,男
A348,A348,A348,アプリケーションエンジニア,男
A349,A349,A349,アプリケーションエンジニア,女
A350,A350,A350,アプリケーションエンジニア,男
A351,A351,A351,アプリケーションエンジニア,女
A352,A352,A352,アプリケーションエンジニア,男
A353,A353,A353,アプリケーションエンジニア,女
A354,A354,A354,アプリケーションエンジニア,男
A355,A355,A355,アプリケーションエンジニア,男
A356,A356,A356,アプリケーションエンジニア,男
A357,A357,A357,テクニカルエンジニア,女
A358,A358,A358,アプリケーションエンジニア,男
A359,A359,A359,アプリケーションエンジニア,女
A360,A360,A360,アプリケーションエンジニア,女
A361,A361,A361,アプリケーションエンジニア,男
A362,A362,A362,アプリケーションエンジニア,男
A363,A363,A363,アプリケーションエンジニア,男
A364,A364,A364,アプリケーションエンジニア,男
A365,A365,A365,アプリケーションエンジニア,男
A366,A366,A366,アプリケーションエンジニア,男
A367,A367,A367,アプリケーションエンジニア,女
A368,A368,A368,経営コンサルタント,女
A369,A369,A369,テクニカルエンジニア,男
A370,A370,A370,アプリケーションエンジニア,男
A371,A371,A371,不明,女
A372,A372,A372,不明,男
A373,A373,A373,アプリケーションエンジニア,男
A374,A374,A374,不明,男
A375,A375,A375,不明,男